N_MODEL,HIDDEN_SIZE,N_LAYERS,DIRECTIONS,RECALL,PRECISION,F1,RECALL_WO_O,PRECISION_WO_O,F1_WO_O
Model1,500,1,1,0.8262744103474512,0.8911267077766697,0.8477371120819611,0.7603305785123967,0.7919940979856245,0.7735934648655364
Model2,500,2,1,0.803195536393609,0.8812935084483879,0.8284994006093188,0.7485242030696576,0.7759117859457072,0.7613529296287888
Model3,500,3,1,0.7098655845802688,0.8541567288912213,0.7576906019004104,0.5726092089728453,0.6300122011765374,0.5764659578664103
Model4,500,1,2,0.8792797362414405,0.9054587951224313,0.8872687496950799,0.8028335301062574,0.8536106441579154,0.8218309245182102
Model5,500,2,2,0.8455490743089018,0.8922855350281863,0.8589807338576656,0.7863046044864227,0.8406438608214107,0.7973806264192957
Model6,500,3,2,0.7745371544509256,0.8720003903099608,0.8059575288957547,0.7036599763872491,0.7184385888758796,0.7063536402149786
Model7,800,1,2,0.06137458787725082,0.04585833406821134,0.029508458776086224,0.2857142857142857,0.3661647958756341,0.22739539942419712
Model8,800,2,2,0.7681968044636064,0.8656928995224268,0.7973430075681185,0.69185360094451,0.7122105111763839,0.6884481419919222
Model9,800,3,2,0.05021557189956886,0.0025797879218889728,0.004907458773473624,0.23376623376623376,0.05559244560433621,0.08982372094764027
